rna_seq,protein_seq
AUGCUAGCUAGCUGAUCGAUCGAUCGUAUCGUAGCUAGCUAGCUAGCUAGCUAGCUAGCUAGCUAGCUAGCUAGCUAGCUAGCUAGCUAGC,MKTFFVLVLLFLVLAVCSA
GGAUCAGUAGCUAGCUAGCUAGCUAGCUAGCUAGCUAGCUAGCUAGCUAGCUAGCUAGCUAGCUAGCUAGCUAGCUAGCUAGCUAGCUAGC,ACDEFGHIKLMNPQRSTVWY
UAGCGCAUGCAUGCAUGCAUGCAUGCAUGCAUGCAUGCAUGCAUGCAUGCAUGCAUGCAUGCAUGCAUGCAUGCAUGCAUGCAUGCAUGC,MGDVEKGKKIFIMKCSQCHTV
CGUAUGCAUGCAUGCAUGCAUGCAUGCAUGCAUGCAUGCAUGCAUGCAUGCAUGCAUGCAUGCAUGCAUGCAUGCAUGCAUGCAUGC,AAVILTLVVVLAGLILGSAA
AUGCGAUGCAUGCAUGCAUGCAUGCAUGCAUGCAUGCAUGCAUGCAUGCAUGCAUGCAUGCAUGCAUGCAUGCAUGCAUGCAUGCAUGC,LLSLLVLLGLFLAFLAVA
GCAUGCAUGCAUGCAUGCAUGCAUGCAUGCAUGCAUGCAUGCAUGCAUGCAUGCAUGCAUGCAUGCAUGCAUGCAUGCAUGC,MAAAAAAAAAVVVVVVVVVVVV
UACGUGCAGUCAGUCAGUCAGUCAGUCAGUCAGUCAGUCAGUCAGUCAGUCAGUCAGUCAGUCAGUCAGUCAGUCAGUCAGUCAGUCA,MLKQKRTSAGARSLKRRL
GAUCGAUCGAUCGAUCGAUCGAUCGAUCGAUCGAUCGAUCGAUCGAUCGAUCGAUCGAUCGAUCGAUCGAUCGAUCGAUCGAU,GRAVITYPKDLDKEPLSK
UGCAUGCAUGCAUGCAUGCAUGCAUGCAUGCAUGCAUGCAUGCAUGCAUGCAUGCAUGCAUGCAUGCAUGCAUGCAUGCAU,MFVFLVLLPLVSSQCVNLT
AUGCAUGCAUGCAUGCAUGCAUGCAUGCAUGCAUGCAUGCAUGCAUGCAUGCAUGCAUGCAUGCAUGCAUGCAUGCAUGCAU,VLSPADKTNVKAAWGKVGA
